{
  "forge_marker": 1,
  "defaults": {
    "model": "cuisine:sapling"
  },
  "variants": {
    "variant": {
      "pomelo":     { "textures": { "sapling": "cuisine:block/sapling_pomelo" }},
      "citron":     { "textures": { "sapling": "cuisine:block/sapling_citron" }},
      "mandarin":  { "textures": { "sapling": "cuisine:block/sapling_mandarin" }},
      "grapefruit": { "textures": { "sapling": "cuisine:block/sapling_grapefruit" }},
      "orange":     { "textures": { "sapling": "cuisine:block/sapling_orange" }},
      "lemon":      { "textures": { "sapling": "cuisine:block/sapling_lemon" }},
      "lime":       { "textures": { "sapling": "cuisine:block/sapling_lime" }}
    }
  }
}
