{
    "elements": [
        {   "from": [ 0, 0, 0 ],
            "to": [ 16, 16, 16 ],
            "faces": {
                "down":  { "uv": [16, 0, 0, 16], "texture": "#down","tintindex": 0, "cullface": "down" },
                "up":    { "uv": [16, 0, 0, 16], "texture": "#up","tintindex": 0, "cullface": "up" },
                "north": { "uv": [16, 0, 0, 16], "texture": "#north","tintindex": 0, "cullface": "north" },
                "south": { "uv": [16, 0, 0, 16], "texture": "#south","tintindex": 0, "cullface": "south" },
                "west":  { "uv": [16, 0, 0, 16], "texture": "#west","tintindex": 0, "cullface": "west" },
                "east":  { "uv": [16, 0, 0, 16], "texture": "#east","tintindex": 0, "cullface": "east" }
            }
        }
    ]
}
