{
	"credit": "Made with Blockbench",
	"textures": {
		"0": "cuisine:block/drinkro"
	},
	"elements": [
		{
			"from": [13, 19, 2],
			"to": [14, 31, 14],
			"faces": {
				"north": {"uv": [6.25, 0, 6.5, 3], "texture": "#0"},
				"east": {"uv": [3.5, 0, 6.5, 3], "texture": "#0"},
				"south": {"uv": [9.25, 0, 9.5, 3], "texture": "#0"},
				"west": {"uv": [9.5, 3, 12.5, 6], "texture": "#0"},
				"up": {"uv": [15.25, 0, 15.5, 3], "texture": "#0"},
				"down": {"uv": [9.25, 3, 9.5, 6], "texture": "#0"}
			}
		},
		{
			"from": [2, 19, 2],
			"to": [3, 31, 14],
			"faces": {
				"north": {"uv": [9.5, 0, 9.75, 3], "texture": "#0"},
				"east": {"uv": [12.5, 3, 15.5, 6], "texture": "#0"},
				"south": {"uv": [6.5, 0, 6.75, 3], "texture": "#0"},
				"west": {"uv": [9.5, 0, 12.5, 3], "texture": "#0"},
				"up": {"uv": [12.5, 0, 12.75, 3], "texture": "#0"},
				"down": {"uv": [6.5, 3, 6.75, 6], "texture": "#0"}
			}
		},
		{
			"from": [3, 30, 2],
			"to": [13, 31, 13],
			"faces": {
				"north": {"uv": [12.75, 0, 15.25, 0.25], "texture": "#0"},
				"east": {"uv": [0, 0, 11, 1], "texture": "#missing"},
				"south": {"uv": [0, 0, 10, 1], "texture": "#missing"},
				"west": {"uv": [0, 0, 11, 1], "texture": "#missing"},
				"up": {"uv": [12.75, 0, 15.25, 2.75], "texture": "#0"},
				"down": {"uv": [12.75, 0, 15.25, 2.75], "rotation": 180, "texture": "#0"}
			}
		},
		{
			"from": [3, 19, 2],
			"to": [13, 20, 13],
			"faces": {
				"north": {"uv": [3.75, 5.75, 6.25, 6], "texture": "#0"},
				"east": {"uv": [0, 0, 11, 1], "texture": "#missing"},
				"south": {"uv": [0, 0, 10, 1], "texture": "#missing"},
				"west": {"uv": [0, 0, 11, 1], "texture": "#missing"},
				"up": {"uv": [3.75, 3.25, 6.25, 6], "rotation": 180, "texture": "#0"},
				"down": {"uv": [6.75, 3.25, 9.25, 6], "texture": "#0"}
			}
		},
		{
			"from": [3, 19, 13],
			"to": [13, 31, 14],
			"faces": {
				"north": {"uv": [6.75, 0, 9.25, 3], "texture": "#0"},
				"east": {"uv": [0, 0, 1, 12], "texture": "#missing"},
				"south": {"uv": [6.75, 0, 9.25, 3], "texture": "#0"},
				"west": {"uv": [0, 0, 1, 12], "texture": "#missing"},
				"up": {"uv": [12.75, 2.75, 15.25, 3], "texture": "#0"},
				"down": {"uv": [6.75, 3, 9.25, 3.25], "texture": "#0"}
			}
		},
		{
			"from": [2, 17, 4],
			"to": [3, 18, 12],
			"faces": {
				"north": {"uv": [4, 6.75, 3.75, 7], "texture": "#0"},
				"east": {"uv": [6, 6.75, 3.75, 7], "texture": "#0"},
				"south": {"uv": [6, 6.75, 5.75, 7], "texture": "#0"},
				"west": {"uv": [6, 6.75, 3.75, 7], "texture": "#0"},
				"up": {"uv": [6, 6.75, 3.75, 7], "rotation": 90, "texture": "#0"},
				"down": {"uv": [6, 6.75, 3.75, 7], "rotation": 90, "texture": "#0"}
			}
		},
		{
			"from": [3, 18, 4],
			"to": [4, 19, 12],
			"faces": {
				"north": {"uv": [4, 6.75, 3.75, 7], "texture": "#0"},
				"east": {"uv": [6, 6.75, 3.75, 7], "texture": "#0"},
				"south": {"uv": [6, 6.75, 5.75, 7], "texture": "#0"},
				"west": {"uv": [6, 6.75, 3.75, 7], "texture": "#0"},
				"up": {"uv": [6, 6.75, 3.75, 7], "texture": "#0"},
				"down": {"uv": [6, 6.75, 3.75, 7], "rotation": 90, "texture": "#0"}
			}
		},
		{
			"from": [13, 17, 4],
			"to": [14, 18, 12],
			"faces": {
				"north": {"uv": [4, 6.75, 3.75, 7], "texture": "#0"},
				"east": {"uv": [6, 6.75, 3.75, 7], "texture": "#0"},
				"south": {"uv": [6, 6.75, 5.75, 7], "texture": "#0"},
				"west": {"uv": [6, 6.75, 3.75, 7], "texture": "#0"},
				"up": {"uv": [6, 6.75, 3.75, 7], "rotation": 90, "texture": "#0"},
				"down": {"uv": [6, 6.75, 3.75, 7], "rotation": 90, "texture": "#0"}
			}
		},
		{
			"from": [12, 18, 4],
			"to": [13, 19, 12],
			"faces": {
				"north": {"uv": [4, 6.75, 3.75, 7], "texture": "#0"},
				"east": {"uv": [6, 6.75, 3.75, 7], "texture": "#0"},
				"south": {"uv": [6, 6.75, 5.75, 7], "texture": "#0"},
				"west": {"uv": [6, 6.75, 3.75, 7], "texture": "#0"},
				"up": {"uv": [6, 6.75, 3.75, 7], "texture": "#0"},
				"down": {"uv": [6, 6.75, 3.75, 7], "rotation": 90, "texture": "#0"}
			}
		},
		{
			"from": [6, 13, 6],
			"to": [10, 14, 10],
			"faces": {
				"north": {"uv": [9.75, 2.75, 10.75, 3], "texture": "#0"},
				"east": {"uv": [9.75, 2.75, 10.75, 3], "texture": "#0"},
				"south": {"uv": [9.75, 2.75, 10.75, 3], "texture": "#0"},
				"west": {"uv": [9.75, 2.75, 10.75, 3], "texture": "#0"},
				"up": {"uv": [9.75, 2.75, 10.75, 3], "texture": "#0"},
				"down": {"uv": [9.75, 2.75, 10.75, 3], "texture": "#0"}
			}
		},
		{
			"from": [6, 15, 6],
			"to": [10, 16, 10],
			"faces": {
				"north": {"uv": [7.5, 2.75, 8.5, 3], "texture": "#0"},
				"east": {"uv": [7.5, 2.75, 8.5, 3], "texture": "#0"},
				"south": {"uv": [7.5, 2.75, 8.5, 3], "texture": "#0"},
				"west": {"uv": [7.5, 2.75, 8.5, 3], "texture": "#0"},
				"up": {"uv": [7.5, 2.75, 8.5, 3], "texture": "#0"},
				"down": {"uv": [7.5, 2.75, 8.5, 3], "texture": "#0"}
			}
		},
		{
			"from": [6, 17, 6],
			"to": [10, 18, 10],
			"faces": {
				"north": {"uv": [3.75, 2.75, 4.75, 3], "texture": "#0"},
				"east": {"uv": [3.75, 2.75, 4.75, 3], "texture": "#0"},
				"south": {"uv": [3.75, 2.75, 4.75, 3], "texture": "#0"},
				"west": {"uv": [3.75, 2.75, 4.75, 3], "texture": "#0"},
				"up": {"uv": [3.75, 2.75, 4.75, 3], "texture": "#0"},
				"down": {"uv": [3.75, 2.75, 4.75, 3], "texture": "#0"}
			}
		},
		{
			"from": [7, 10, 7],
			"to": [9, 19, 9],
			"faces": {
				"north": {"uv": [4, 7, 4.5, 9.25], "texture": "#0"},
				"east": {"uv": [4, 7, 4.5, 9.25], "texture": "#0"},
				"south": {"uv": [4, 7, 4.5, 9.25], "texture": "#0"},
				"west": {"uv": [4, 7, 4.5, 9.25], "texture": "#0"},
				"up": {"uv": [4, 7, 4.5, 9.25], "texture": "#0"},
				"down": {"uv": [4, 8.75, 4.5, 9.25], "texture": "#0"}
			}
		},
		{
			"from": [2, 12, 11],
			"to": [14, 13, 12],
			"faces": {
				"north": {"uv": [3.5, 6.75, 6.25, 7], "texture": "#0"},
				"east": {"uv": [6, 6.75, 6.25, 7], "texture": "#0"},
				"south": {"uv": [3.5, 6.75, 6.25, 7], "texture": "#0"},
				"west": {"uv": [3.5, 6.75, 3.75, 7], "texture": "#0"},
				"up": {"uv": [3.5, 6.75, 6.25, 7], "texture": "#0"},
				"down": {"uv": [3.5, 6.75, 6.25, 7], "texture": "#0"}
			}
		},
		{
			"from": [2, 12, 3],
			"to": [14, 13, 4],
			"faces": {
				"north": {"uv": [3.5, 6.25, 6.25, 6.5], "texture": "#0"},
				"east": {"uv": [3.5, 6.25, 3.75, 6.5], "texture": "#0"},
				"south": {"uv": [3.5, 6.25, 6.25, 6.5], "texture": "#0"},
				"west": {"uv": [6, 6.25, 6.25, 6.5], "texture": "#0"},
				"up": {"uv": [3.5, 6.25, 6.25, 6.5], "texture": "#0"},
				"down": {"uv": [3.5, 6.25, 6.25, 6.5], "texture": "#0"}
			}
		},
		{
			"from": [11, 13, 2],
			"to": [12, 14, 14],
			"faces": {
				"north": {"uv": [3.5, 6, 3.75, 6.25], "texture": "#0"},
				"east": {"uv": [3.5, 6, 6.25, 6.25], "texture": "#0"},
				"south": {"uv": [6, 6, 6.25, 6.25], "texture": "#0"},
				"west": {"uv": [3.5, 6, 6.25, 6.25], "texture": "#0"},
				"up": {"uv": [3.5, 6, 6.25, 6.25], "rotation": 90, "texture": "#0"},
				"down": {"uv": [3.5, 6, 6.25, 6.25], "rotation": 90, "texture": "#0"}
			}
		},
		{
			"from": [5, 11, 2],
			"to": [6, 12, 14],
			"faces": {
				"north": {"uv": [3.5, 6.5, 3.75, 6.75], "texture": "#0"},
				"east": {"uv": [3.5, 6.5, 6.25, 6.75], "texture": "#0"},
				"south": {"uv": [3.5, 6.5, 3.75, 6.75], "texture": "#0"},
				"west": {"uv": [3.5, 6.5, 6.25, 6.75], "texture": "#0"},
				"up": {"uv": [3.5, 6.5, 6.25, 6.75], "rotation": 90, "texture": "#0"},
				"down": {"uv": [3.5, 6.5, 6.25, 6.75], "rotation": 90, "texture": "#0"}
			}
		},
		{
			"from": [0, 0, 0],
			"to": [16, 1, 16],
			"faces": {
				"north": {"uv": [0, 7.75, 4, 11.75], "texture": "#0"},
				"east": {"uv": [0, 7.75, 4, 11.75], "texture": "#0"},
				"south": {"uv": [0, 7.75, 4, 11.75], "texture": "#0"},
				"west": {"uv": [0, 7.75, 4, 11.75], "texture": "#0"},
				"up": {"uv": [0, 7.75, 4, 11.75], "texture": "#0"},
				"down": {"uv": [0, 7.75, 4, 11.75], "texture": "#0"}
			}
		},
		{
			"from": [14, 1, 2],
			"to": [15, 31, 14],
			"faces": {
				"north": {"uv": [3.25, 0.25, 3.5, 7.75], "texture": "#0"},
				"east": {"uv": [0.25, 0.25, 3.25, 7.75], "texture": "#0"},
				"south": {"uv": [0, 0.25, 0.25, 7.75], "texture": "#0"},
				"west": {"uv": [0.25, 0.25, 3.25, 7.75], "texture": "#0"},
				"up": {"uv": [0.25, 0, 3.25, 0.25], "rotation": 270, "texture": "#0"},
				"down": {"uv": [0, 0, 1, 14], "texture": "#missing"}
			}
		},
		{
			"from": [1, 1, 2],
			"to": [2, 31, 14],
			"faces": {
				"north": {"uv": [0, 0.25, 0.25, 7.75], "texture": "#0"},
				"east": {"uv": [0.25, 0.25, 3.25, 7.75], "texture": "#0"},
				"south": {"uv": [3.25, 0.25, 3.5, 7.75], "texture": "#0"},
				"west": {"uv": [0.25, 0.25, 3.25, 7.75], "texture": "#0"},
				"up": {"uv": [0.25, 0, 3.25, 0.25], "rotation": 90, "texture": "#0"},
				"down": {"uv": [0, 0, 1, 14], "texture": "#missing"}
			}
		},
		{
			"from": [2, 1, 14],
			"to": [14, 31, 15],
			"faces": {
				"north": {"uv": [0.25, 0.25, 3.25, 7.75], "texture": "#0"},
				"east": {"uv": [0, 0.25, 0.25, 7.75], "texture": "#0"},
				"south": {"uv": [0.25, 0.25, 3.25, 7.75], "texture": "#0"},
				"west": {"uv": [3.25, 0.25, 3.5, 7.75], "texture": "#0"},
				"up": {"uv": [0.25, 0, 3.25, 0.25], "texture": "#0"},
				"down": {"uv": [0, 0, 12, 1], "texture": "#missing"}
			}
		},
		{
			"from": [2, 1, 1],
			"to": [14, 31, 2],
			"faces": {
				"north": {"uv": [0.25, 0.25, 3.25, 7.75], "texture": "#0"},
				"east": {"uv": [3.25, 0.25, 3.5, 7.75], "texture": "#0"},
				"south": {"uv": [0.25, 0.25, 3.25, 7.75], "texture": "#0"},
				"west": {"uv": [0, 0.25, 0.25, 7.75], "texture": "#0"},
				"up": {"uv": [0.25, 0, 3.25, 0.25], "rotation": 180, "texture": "#0"},
				"down": {"uv": [0, 0, 12, 1], "texture": "#missing"}
			}
		},
		{
			"from": [2, 31, 2],
			"to": [14, 32, 14],
			"faces": {
				"north": {"uv": [0.25, 0.25, 3.25, 3.25], "texture": "#0"},
				"east": {"uv": [0.25, 0.25, 3.25, 3.25], "texture": "#0"},
				"south": {"uv": [0.25, 0.25, 3.25, 3.25], "texture": "#0"},
				"west": {"uv": [0.25, 0.25, 3.25, 3.25], "texture": "#0"},
				"up": {"uv": [0.25, 0.25, 3.25, 3.25], "texture": "#0"},
				"down": {"uv": [0.25, 0.25, 3.25, 3.25], "texture": "#0"}
			}
		},
		{
			"from": [1, 26, 1],
			"to": [2, 31, 2],
			"faces": {
				"north": {"uv": [0, 0.25, 0.25, 1.5], "texture": "#0"},
				"east": {"uv": [0, 0.25, 0.25, 1.5], "texture": "#0"},
				"south": {"uv": [0, 0.25, 0.25, 1.5], "texture": "#0"},
				"west": {"uv": [0, 0.25, 0.25, 1.5], "texture": "#0"},
				"up": {"uv": [0, 0.25, 0.25, 0.5], "texture": "#0"},
				"down": {"uv": [0, 1.25, 0.25, 1.5], "texture": "#0"}
			}
		},
		{
			"from": [1, 15, 1],
			"to": [2, 25, 2],
			"faces": {
				"north": {"uv": [0, 1.75, 0.25, 4.25], "texture": "#0"},
				"east": {"uv": [0, 1.75, 0.25, 4.25], "texture": "#0"},
				"south": {"uv": [0, 1.75, 0.25, 4.25], "texture": "#0"},
				"west": {"uv": [0, 1.75, 0.25, 4.25], "texture": "#0"},
				"up": {"uv": [0, 1.75, 0.25, 2], "texture": "#0"},
				"down": {"uv": [0, 4, 0.25, 4.25], "texture": "#0"}
			}
		},
		{
			"from": [1, 1, 1],
			"to": [2, 11, 2],
			"faces": {
				"north": {"uv": [0, 5.25, 0.25, 7.75], "texture": "#0"},
				"east": {"uv": [0, 5.25, 0.25, 7.75], "texture": "#0"},
				"south": {"uv": [0, 5.25, 0.25, 7.75], "texture": "#0"},
				"west": {"uv": [0, 5.25, 0.25, 7.75], "texture": "#0"},
				"up": {"uv": [0, 5.25, 0.25, 5.5], "texture": "#0"},
				"down": {"uv": [0, 7.5, 0.25, 7.75], "texture": "#0"}
			}
		},
		{
			"from": [1, 12, 1],
			"to": [2, 13, 2],
			"faces": {
				"north": {"uv": [0, 4.75, 0.25, 5], "texture": "#0"},
				"east": {"uv": [0, 4.75, 0.25, 5], "texture": "#0"},
				"south": {"uv": [0, 4.75, 0.25, 5], "texture": "#0"},
				"west": {"uv": [0, 4.75, 0.25, 5], "texture": "#0"},
				"up": {"uv": [0, 4.75, 0.25, 5], "texture": "#0"},
				"down": {"uv": [0, 4.75, 0.25, 5], "texture": "#0"}
			}
		},
		{
			"from": [14, 26, 14],
			"to": [15, 31, 15],
			"faces": {
				"north": {"uv": [0, 0.25, 0.25, 1.5], "texture": "#0"},
				"east": {"uv": [0, 0.25, 0.25, 1.5], "texture": "#0"},
				"south": {"uv": [0, 0.25, 0.25, 1.5], "texture": "#0"},
				"west": {"uv": [0, 0.25, 0.25, 1.5], "texture": "#0"},
				"up": {"uv": [0, 0.25, 0.25, 0.5], "texture": "#0"},
				"down": {"uv": [0, 1.25, 0.25, 1.5], "texture": "#0"}
			}
		},
		{
			"from": [14, 15, 14],
			"to": [15, 25, 15],
			"faces": {
				"north": {"uv": [0, 1.75, 0.25, 4.25], "texture": "#0"},
				"east": {"uv": [0, 1.75, 0.25, 4.25], "texture": "#0"},
				"south": {"uv": [0, 1.75, 0.25, 4.25], "texture": "#0"},
				"west": {"uv": [0, 1.75, 0.25, 4.25], "texture": "#0"},
				"up": {"uv": [0, 1.75, 0.25, 2], "texture": "#0"},
				"down": {"uv": [0, 4, 0.25, 4.25], "texture": "#0"}
			}
		},
		{
			"from": [14, 1, 14],
			"to": [15, 11, 15],
			"faces": {
				"north": {"uv": [0, 5.25, 0.25, 7.75], "texture": "#0"},
				"east": {"uv": [0, 5.25, 0.25, 7.75], "texture": "#0"},
				"south": {"uv": [0, 5.25, 0.25, 7.75], "texture": "#0"},
				"west": {"uv": [0, 5.25, 0.25, 7.75], "texture": "#0"},
				"up": {"uv": [0, 5.25, 0.25, 5.5], "texture": "#0"},
				"down": {"uv": [0, 7.5, 0.25, 7.75], "texture": "#0"}
			}
		},
		{
			"from": [14, 12, 14],
			"to": [15, 13, 15],
			"faces": {
				"north": {"uv": [0, 4.75, 0.25, 5], "texture": "#0"},
				"east": {"uv": [0, 4.75, 0.25, 5], "texture": "#0"},
				"south": {"uv": [0, 4.75, 0.25, 5], "texture": "#0"},
				"west": {"uv": [0, 4.75, 0.25, 5], "texture": "#0"},
				"up": {"uv": [0, 4.75, 0.25, 5], "texture": "#0"},
				"down": {"uv": [0, 4.75, 0.25, 5], "texture": "#0"}
			}
		},
		{
			"from": [14, 29, 1],
			"to": [15, 31, 2],
			"faces": {
				"north": {"uv": [3.25, 0.25, 3.5, 0.75], "texture": "#0"},
				"east": {"uv": [3.25, 0.25, 3.5, 0.75], "texture": "#0"},
				"south": {"uv": [3.25, 0.25, 3.5, 0.75], "texture": "#0"},
				"west": {"uv": [3.25, 0.25, 3.5, 0.75], "texture": "#0"},
				"up": {"uv": [3.25, 0.25, 3.5, 0.5], "texture": "#0"},
				"down": {"uv": [3.25, 0.5, 3.5, 0.75], "texture": "#0"}
			}
		},
		{
			"from": [14, 24, 1],
			"to": [15, 28, 2],
			"faces": {
				"north": {"uv": [3.25, 1, 3.5, 2], "texture": "#0"},
				"east": {"uv": [3.25, 1, 3.5, 2], "texture": "#0"},
				"south": {"uv": [3.25, 1, 3.5, 2], "texture": "#0"},
				"west": {"uv": [3.25, 1, 3.5, 2], "texture": "#0"},
				"up": {"uv": [3.25, 1, 3.5, 1.25], "texture": "#0"},
				"down": {"uv": [3.25, 1.75, 3.5, 2], "texture": "#0"}
			}
		},
		{
			"from": [14, 6, 1],
			"to": [15, 23, 2],
			"faces": {
				"north": {"uv": [3.25, 2.25, 3.5, 6.5], "texture": "#0"},
				"east": {"uv": [3.25, 2.25, 3.5, 6.5], "texture": "#0"},
				"south": {"uv": [3.25, 2.25, 3.5, 6.5], "texture": "#0"},
				"west": {"uv": [3.25, 2.25, 3.5, 6.5], "texture": "#0"},
				"up": {"uv": [3.25, 2.25, 3.5, 2.5], "texture": "#0"},
				"down": {"uv": [3.25, 6.25, 3.5, 6.5], "texture": "#0"}
			}
		},
		{
			"from": [14, 1, 1],
			"to": [15, 4, 2],
			"faces": {
				"north": {"uv": [3.25, 7, 3.5, 7.75], "texture": "#0"},
				"east": {"uv": [3.25, 7, 3.5, 7.75], "texture": "#0"},
				"south": {"uv": [3.25, 7, 3.5, 7.75], "texture": "#0"},
				"west": {"uv": [3.25, 7, 3.5, 7.75], "texture": "#0"},
				"up": {"uv": [3.25, 7, 3.5, 7.25], "texture": "#0"},
				"down": {"uv": [3.25, 7.5, 3.5, 7.75], "texture": "#0"}
			}
		},
		{
			"from": [1, 29, 14],
			"to": [2, 31, 15],
			"faces": {
				"north": {"uv": [3.25, 0.25, 3.5, 0.75], "texture": "#0"},
				"east": {"uv": [3.25, 0.25, 3.5, 0.75], "texture": "#0"},
				"south": {"uv": [3.25, 0.25, 3.5, 0.75], "texture": "#0"},
				"west": {"uv": [3.25, 0.25, 3.5, 0.75], "texture": "#0"},
				"up": {"uv": [3.25, 0.25, 3.5, 0.5], "texture": "#0"},
				"down": {"uv": [3.25, 0.5, 3.5, 0.75], "texture": "#0"}
			}
		},
		{
			"from": [1, 24, 14],
			"to": [2, 28, 15],
			"faces": {
				"north": {"uv": [3.25, 1, 3.5, 2], "texture": "#0"},
				"east": {"uv": [3.25, 1, 3.5, 2], "texture": "#0"},
				"south": {"uv": [3.25, 1, 3.5, 2], "texture": "#0"},
				"west": {"uv": [3.25, 1, 3.5, 2], "texture": "#0"},
				"up": {"uv": [3.25, 1, 3.5, 1.25], "texture": "#0"},
				"down": {"uv": [3.25, 1.75, 3.5, 2], "texture": "#0"}
			}
		},
		{
			"from": [1, 6, 14],
			"to": [2, 23, 15],
			"faces": {
				"north": {"uv": [3.25, 2.25, 3.5, 6.5], "texture": "#0"},
				"east": {"uv": [3.25, 2.25, 3.5, 6.5], "texture": "#0"},
				"south": {"uv": [3.25, 2.25, 3.5, 6.5], "texture": "#0"},
				"west": {"uv": [3.25, 2.25, 3.5, 6.5], "texture": "#0"},
				"up": {"uv": [3.25, 2.25, 3.5, 2.5], "texture": "#0"},
				"down": {"uv": [3.25, 6.25, 3.5, 6.5], "texture": "#0"}
			}
		},
		{
			"from": [1, 1, 14],
			"to": [2, 4, 15],
			"faces": {
				"north": {"uv": [3.25, 7, 3.5, 7.75], "texture": "#0"},
				"east": {"uv": [3.25, 7, 3.5, 7.75], "texture": "#0"},
				"south": {"uv": [3.25, 7, 3.5, 7.75], "texture": "#0"},
				"west": {"uv": [3.25, 7, 3.5, 7.75], "texture": "#0"},
				"up": {"uv": [3.25, 7, 3.5, 7.25], "texture": "#0"},
				"down": {"uv": [3.25, 7.5, 3.5, 7.75], "texture": "#0"}
			}
		},
		{
			"from": [7, 31, 14],
			"to": [15, 32, 15],
			"faces": {
				"north": {"uv": [3.5, 0, 1.5, 0.25], "texture": "#0"},
				"east": {"uv": [3.5, 0, 3.25, 0.25], "rotation": 180, "texture": "#0"},
				"south": {"uv": [3.5, 0, 1.5, 0.25], "rotation": 180, "texture": "#0"},
				"west": {"uv": [1.75, 0, 1.5, 0.25], "rotation": 180, "texture": "#0"},
				"up": {"uv": [3.5, 0, 1.5, 0.25], "rotation": 180, "texture": "#0"},
				"down": {"uv": [3.5, 0, 1.5, 0.25], "rotation": 180, "texture": "#0"}
			}
		},
		{
			"from": [1, 31, 14],
			"to": [6, 32, 15],
			"faces": {
				"north": {"uv": [1.25, 0, 0, 0.25], "texture": "#0"},
				"east": {"uv": [1.25, 0, 1, 0.25], "rotation": 180, "texture": "#0"},
				"south": {"uv": [1.25, 0, 0, 0.25], "rotation": 180, "texture": "#0"},
				"west": {"uv": [0.25, 0, 0, 0.25], "rotation": 180, "texture": "#0"},
				"up": {"uv": [1.25, 0, 0, 0.25], "rotation": 180, "texture": "#0"},
				"down": {"uv": [1.25, 0, 0, 0.25], "rotation": 180, "texture": "#0"}
			}
		},
		{
			"from": [1, 31, 7],
			"to": [2, 32, 14],
			"faces": {
				"north": {"uv": [1.5, 0.25, 1.75, 0], "rotation": 270, "texture": "#0"},
				"east": {"uv": [3.25, 0, 1.5, 0.25], "texture": "#0"},
				"south": {"uv": [3, 0.25, 3.25, 0], "rotation": 270, "texture": "#0"},
				"west": {"uv": [3.25, 0, 1.5, 0.25], "rotation": 180, "texture": "#0"},
				"up": {"uv": [3.25, 0, 1.5, 0.25], "rotation": 270, "texture": "#0"},
				"down": {"uv": [3.25, 0, 1.5, 0.25], "rotation": 90, "texture": "#0"}
			}
		},
		{
			"from": [1, 31, 2],
			"to": [2, 32, 6],
			"faces": {
				"north": {"uv": [1, 0, 1.25, 0.25], "rotation": 180, "texture": "#0"},
				"east": {"uv": [0.25, 0, 1.25, 0.25], "texture": "#0"},
				"south": {"uv": [0.25, 0, 0.5, 0.25], "rotation": 180, "texture": "#0"},
				"west": {"uv": [0.25, 0, 1.25, 0.25], "rotation": 180, "texture": "#0"},
				"up": {"uv": [0.25, 0, 1.25, 0.25], "rotation": 270, "texture": "#0"},
				"down": {"uv": [0.25, 0, 1.25, 0.25], "rotation": 90, "texture": "#0"}
			}
		},
		{
			"from": [1, 31, 1],
			"to": [9, 32, 2],
			"faces": {
				"north": {"uv": [1.5, 0, 3.5, 0.25], "texture": "#0"},
				"east": {"uv": [1.5, 0, 1.75, 0.25], "rotation": 180, "texture": "#0"},
				"south": {"uv": [1.5, 0, 3.5, 0.25], "rotation": 180, "texture": "#0"},
				"west": {"uv": [3.25, 0, 3.5, 0.25], "rotation": 180, "texture": "#0"},
				"up": {"uv": [1.5, 0, 3.5, 0.25], "rotation": 180, "texture": "#0"},
				"down": {"uv": [1.5, 0, 3.5, 0.25], "rotation": 180, "texture": "#0"}
			}
		},
		{
			"from": [10, 31, 1],
			"to": [15, 32, 2],
			"faces": {
				"north": {"uv": [0, 0, 1.25, 0.25], "texture": "#0"},
				"east": {"uv": [0, 0, 0.25, 0.25], "rotation": 180, "texture": "#0"},
				"south": {"uv": [0, 0, 1.25, 0.25], "rotation": 180, "texture": "#0"},
				"west": {"uv": [1, 0, 1.25, 0.25], "rotation": 180, "texture": "#0"},
				"up": {"uv": [0, 0, 1.25, 0.25], "rotation": 180, "texture": "#0"},
				"down": {"uv": [0, 0, 1.25, 0.25], "rotation": 180, "texture": "#0"}
			}
		},
		{
			"from": [14, 31, 2],
			"to": [15, 32, 9],
			"faces": {
				"north": {"uv": [3, 0, 3.25, 0.25], "rotation": 270, "texture": "#0"},
				"east": {"uv": [1.5, 0, 3.25, 0.25], "texture": "#0"},
				"south": {"uv": [1.5, 0, 1.75, 0.25], "rotation": 270, "texture": "#0"},
				"west": {"uv": [1.5, 0, 3.25, 0.25], "rotation": 180, "texture": "#0"},
				"up": {"uv": [1.5, 0, 3.25, 0.25], "rotation": 270, "texture": "#0"},
				"down": {"uv": [1.5, 0, 3.25, 0.25], "rotation": 90, "texture": "#0"}
			}
		},
		{
			"from": [14, 31, 10],
			"to": [15, 32, 14],
			"faces": {
				"north": {"uv": [0.5, 0, 0.25, 0.25], "rotation": 180, "texture": "#0"},
				"east": {"uv": [1.25, 0, 0.25, 0.25], "texture": "#0"},
				"south": {"uv": [1.25, 0, 1, 0.25], "rotation": 180, "texture": "#0"},
				"west": {"uv": [1.25, 0, 0.25, 0.25], "rotation": 180, "texture": "#0"},
				"up": {"uv": [1.25, 0, 0.25, 0.25], "rotation": 270, "texture": "#0"},
				"down": {"uv": [1.25, 0, 0.25, 0.25], "rotation": 90, "texture": "#0"}
			}
		},
		{
			"from": [2, 18, 2],
			"to": [14, 19, 3],
			"faces": {
				"north": {"uv": [6.5, 6, 9.5, 6.25], "texture": "#0"},
				"east": {"uv": [6.5, 6, 6.75, 6.25], "texture": "#0"},
				"south": {"uv": [6.5, 6, 9.5, 6.25], "rotation": 180, "texture": "#0"},
				"west": {"uv": [9.25, 6, 9.5, 6.25], "texture": "#0"},
				"up": {"uv": [6.5, 6, 9.5, 6.25], "texture": "#0"},
				"down": {"uv": [6.5, 6, 9.5, 6.25], "rotation": 180, "texture": "#0"}
			}
		}
	],
	"display": {
		"thirdperson_righthand": {
			"scale": [0.3, 0.3, 0.3],
			"rotation": [20, 45, 0],
			"translation": [0, -3, -3.5]
		},
		"thirdperson_lefthand": {
			"scale": [0.3, 0.3, 0.3],
			"rotation": [20, 45, 0],
			"translation": [0, -3, -3.5]
		},
		"fixed": {
			"scale": [0.6, 0.6, 0.6],
			"translation": [0, -5, 0]
		},
		"ground": {
			"scale": [0.25, 0.25, 0.25],
			"translation": [0, 1.5, 0]
		},
		"firstperson_lefthand": {
			"scale": [0.4, 0.4, 0.4],
			"rotation": [0, 45, 0],
			"translation": [1.5, 0, 0]
		},
		"firstperson_righthand": {
			"scale": [0.4, 0.4, 0.4],
			"rotation": [0, 45, 0],
			"translation": [1.5, 0, 0]
		},
		"gui": {
			"scale": [0.4, 0.4, 0.4],
			"rotation": [30, 135, 0],
			"translation": [0, -2.5, 0]
		}
	},
	"groups": [0, 1, 2, 3, 4,
		{
			"name": "group",
			"children": [5, 6, 7, 8]
		}, 9, 10, 11, 12, 13, 14, 15, 16,
		{
			"name": "kuangjia",
			"children": [17, 18, 19, 20, 21, 22,
				{
					"name": "group",
					"children": [
						{
							"name": "group",
							"children": [23, 24, 25, 26]
						},
						{
							"name": "group",
							"children": [27, 28, 29, 30]
						}
					]
				},
				{
					"name": "group",
					"children": [31, 32, 33, 34]
				},
				{
					"name": "group",
					"children": [35, 36, 37, 38]
				},
				{
					"name": "group",
					"children": [39, 40]
				},
				{
					"name": "group",
					"children": [41, 42]
				},
				{
					"name": "group",
					"children": [43, 44]
				},
				{
					"name": "group",
					"children": [45, 46]
				}
			]
		}, 47]
}