{
	"credit": "Made with Blockbench",
	"parent": "block/block",
	"textures": {
		"0": "cuisine:block/jar",
		"particle": "cuisine:block/jar"
	},
	"elements": [
		{
			"from": [3, 1, 3],
			"to": [13, 5, 13],
			"faces": {
				"north": {"uv": [1, 7.5, 6, 9.5], "texture": "#0"},
				"east": {"uv": [1, 7.5, 6, 9.5], "texture": "#0"},
				"south": {"uv": [1, 7.5, 6, 9.5], "texture": "#0"},
				"west": {"uv": [1, 7.5, 6, 9.5], "texture": "#0"},
				"up": {"uv": [1, 7, 6, 9], "texture": "#0"},
				"down": {"uv": [6.5, 0.5, 11.5, 5.5], "texture": "#0"}
			}
		},
		{
			"from": [2, 5, 2],
			"to": [14, 12, 14],
			"faces": {
				"north": {"uv": [0, 3.5, 6, 7], "texture": "#0"},
				"east": {"uv": [0, 0, 6, 3.5], "rotation": 180, "texture": "#0"},
				"south": {"uv": [0, 0, 6, 3.5], "texture": "#0"},
				"west": {"uv": [0, 3.5, 6, 7], "rotation": 180, "texture": "#0"},
				"up": {"uv": [6, 0, 12, 6], "texture": "#0"},
				"down": {"uv": [6, 0, 12, 6], "texture": "#0"}
			}
		},
		{
			"from": [4, 12, 4],
			"to": [12, 13, 12],
			"faces": {
				"north": {"uv": [7, 6, 11, 6.5], "texture": "#0"},
				"east": {"uv": [7, 6, 11, 6.5], "texture": "#0"},
				"south": {"uv": [7, 6, 11, 6.5], "texture": "#0"},
				"west": {"uv": [7, 6, 11, 6.5], "texture": "#0"},
				"up": {"uv": [7, 6.5, 11, 10.5], "texture": "#0"},
				"down": {"uv": [7, 6, 11, 6.5], "texture": "#0"}
			}
		},
		{
			"from": [5, 13, 6],
			"to": [6, 14, 10],
			"faces": {
				"north": {"uv": [2, 0.5, 4, 1], "texture": "#0"},
				"east": {"uv": [2, 0.5, 4, 1], "texture": "#0"},
				"south": {"uv": [2, 0.5, 4, 1], "texture": "#0"},
				"west": {"uv": [2, 0.5, 4, 1], "texture": "#0"},
				"up": {"uv": [2, 0.5, 4, 1], "rotation": 90, "texture": "#0"},
				"down": {"uv": [2, 0.5, 4, 1], "texture": "#0"}
			}
		},
		{
			"from": [10, 13, 6],
			"to": [11, 14, 10],
			"faces": {
				"north": {"uv": [2, 0.5, 4, 1], "rotation": 90, "texture": "#0"},
				"east": {"uv": [2, 0.5, 4, 1], "texture": "#0"},
				"south": {"uv": [2, 0.5, 4, 1], "rotation": 90, "texture": "#0"},
				"west": {"uv": [2, 0.5, 4, 1], "texture": "#0"},
				"up": {"uv": [2, 0.5, 4, 1], "rotation": 90, "texture": "#0"},
				"down": {"uv": [2, 0.5, 4, 1], "rotation": 90, "texture": "#0"}
			}
		},
		{
			"from": [5, 13, 10],
			"to": [11, 14, 11],
			"faces": {
				"north": {"uv": [1.5, 0.5, 4.5, 1], "texture": "#0"},
				"east": {"uv": [1.5, 0.5, 2, 1], "texture": "#0"},
				"south": {"uv": [1.5, 0.5, 4.5, 1], "texture": "#0"},
				"west": {"uv": [1.5, 0.5, 2, 1], "texture": "#0"},
				"up": {"uv": [1.5, 0.5, 4.5, 1], "texture": "#0"},
				"down": {"uv": [1.5, 0.5, 4.5, 1], "texture": "#0"}
			}
		},
		{
			"from": [5, 13, 5],
			"to": [11, 14, 6],
			"faces": {
				"north": {"uv": [1.5, 0.5, 4.5, 1], "texture": "#0"},
				"east": {"uv": [1.5, 0.5, 2, 1], "texture": "#0"},
				"south": {"uv": [1.5, 0.5, 4.5, 1], "texture": "#0"},
				"west": {"uv": [1.5, 0.5, 2, 1], "texture": "#0"},
				"up": {"uv": [1.5, 0.5, 4.5, 1], "texture": "#0"},
				"down": {"uv": [1.5, 0.5, 4.5, 1], "texture": "#0"}
			}
		},
		{
			"from": [7, 13, 7],
			"to": [9, 14, 9],
			"faces": {
				"north": {"uv": [3.5, 3.5, 4.5, 4], "rotation": 180, "texture": "#0"},
				"east": {"uv": [3.5, 3.5, 4.5, 4], "texture": "#0"},
				"south": {"uv": [3.5, 4, 4.5, 4.5], "texture": "#0"},
				"west": {"uv": [3.5, 4, 4.5, 4.5], "rotation": 180, "texture": "#0"},
				"up": {"uv": [3.5, 3.5, 4.5, 4.5], "texture": "#0"},
				"down": {"uv": [3.5, 3.5, 4.5, 4.5], "texture": "#0"}
			}
		},
		{
			"from": [5, 0, 5],
			"to": [11, 1, 11],
			"faces": {
				"north": {"uv": [2.5, 6, 5.5, 6.5], "texture": "#0"},
				"east": {"uv": [2.5, 6, 5.5, 6.5], "texture": "#0"},
				"south": {"uv": [2.5, 6, 5.5, 6.5], "texture": "#0"},
				"west": {"uv": [2.5, 6, 5.5, 6.5], "texture": "#0"},
				"up": {"uv": [2.5, 3.5, 5.5, 6.5], "texture": "#0"},
				"down": {"uv": [2.5, 3.5, 5.5, 6.5], "texture": "#0"}
			}
		}
	]
}