{
	"forge_marker": 1,
	"defaults": {
		"model": "minecraft:cube_all",
		"transform": "forge:default-block"
	},
	"variants": {
		"variant=stone_limestone": [
			{ "model": "divergentunderground:quark_limestone/stone", "weight":3 },
			{ "model": "divergentunderground:quark_limestone/stone1", "weight":1 },
			{ "model": "divergentunderground:quark_limestone/stone2", "weight":1 },
			{ "model": "divergentunderground:quark_limestone/stone3", "weight":1 },
			{ "model": "divergentunderground:quark_limestone/stone4", "weight":1 },
			{ "model": "divergentunderground:quark_limestone/stone5", "weight":1 },
			{ "model": "divergentunderground:quark_limestone/stone6", "weight":1 }
		],
		"variant=stone_limestone_smooth": [
			{
				"textures": {
					"all": "quark:blocks/stone_limestone_smooth"
				}
			}
		]
	}
}