{
	"forge_marker": 1,
	"defaults": {
		"model": "minecraft:cube_all",
		"transform": "forge:default-block"
	},
	"variants": {
		"variant=stone_marble": [
			{ "model": "divergentunderground:quark_marble/stone", "weight":3 },
			{ "model": "divergentunderground:quark_marble/stone1", "weight":1 },
			{ "model": "divergentunderground:quark_marble/stone2", "weight":1 },
			{ "model": "divergentunderground:quark_marble/stone3", "weight":1 },
			{ "model": "divergentunderground:quark_marble/stone4", "weight":1 },
			{ "model": "divergentunderground:quark_marble/stone5", "weight":1 }
		],
		"variant=stone_marble_smooth": [
			{
				"textures": {
					"all": "quark:blocks/stone_marble_smooth"
				}
			}
		]
	}
}