{
  "variants": {
          "hardness=0":[
                  { "model": "divergentunderground:quark_marble/stone", "weight":3 },
                  { "model": "divergentunderground:quark_marble/stone1", "weight":1 },
                  { "model": "divergentunderground:quark_marble/stone2", "weight":1 },
                  { "model": "divergentunderground:quark_marble/stone3", "weight":1 },
                  { "model": "divergentunderground:quark_marble/stone4", "weight":1 },
                  { "model": "divergentunderground:quark_marble/stone5", "weight":1 }
          ],
          "hardness=1":[
                  { "model": "divergentunderground:quark_marble/stone", "weight":3 },
                  { "model": "divergentunderground:quark_marble/stone1", "weight":1 },
                  { "model": "divergentunderground:quark_marble/stone2", "weight":1 },
                  { "model": "divergentunderground:quark_marble/stone3", "weight":1 },
                  { "model": "divergentunderground:quark_marble/stone4", "weight":1 },
                  { "model": "divergentunderground:quark_marble/stone5", "weight":1 }
          ],
          "hardness=2":[
                  { "model": "divergentunderground:quark_marble/stone", "weight":3 },
                  { "model": "divergentunderground:quark_marble/stone1", "weight":1 },
                  { "model": "divergentunderground:quark_marble/stone2", "weight":1 },
                  { "model": "divergentunderground:quark_marble/stone3", "weight":1 },
                  { "model": "divergentunderground:quark_marble/stone4", "weight":1 },
                  { "model": "divergentunderground:quark_marble/stone5", "weight":1 }
          ],
          "hardness=3":[
                  { "model": "divergentunderground:quark_marble/stone", "weight":3 },
                  { "model": "divergentunderground:quark_marble/stone1", "weight":1 },
                  { "model": "divergentunderground:quark_marble/stone2", "weight":1 },
                  { "model": "divergentunderground:quark_marble/stone3", "weight":1 },
                  { "model": "divergentunderground:quark_marble/stone4", "weight":1 },
                  { "model": "divergentunderground:quark_marble/stone5", "weight":1 }
          ]
  }
}

