{
  "variants": {
          "hardness=0":[
                  { "model": "divergentunderground:granite/stone", "weight":3 },
                  { "model": "divergentunderground:granite/stone1", "weight":1 },
                  { "model": "divergentunderground:granite/stone2", "weight":1 },
                  { "model": "divergentunderground:granite/stone3", "weight":1 },
                  { "model": "divergentunderground:granite/stone4", "weight":1 },
                  { "model": "divergentunderground:granite/stone5", "weight":1 },
                  { "model": "divergentunderground:granite/stone6", "weight":1 },
                  { "model": "divergentunderground:granite/stone7", "weight":1 }
          ],
          "hardness=1":[
                  { "model": "divergentunderground:granite/stone", "weight":3 },
                  { "model": "divergentunderground:granite/stone1", "weight":1 },
                  { "model": "divergentunderground:granite/stone2", "weight":1 },
                  { "model": "divergentunderground:granite/stone3", "weight":1 },
                  { "model": "divergentunderground:granite/stone4", "weight":1 },
                  { "model": "divergentunderground:granite/stone5", "weight":1 },
                  { "model": "divergentunderground:granite/stone6", "weight":1 },
                  { "model": "divergentunderground:granite/stone7", "weight":1 }
          ],
          "hardness=2":[
                  { "model": "divergentunderground:granite/stone", "weight":3 },
                  { "model": "divergentunderground:granite/stone1", "weight":1 },
                  { "model": "divergentunderground:granite/stone2", "weight":1 },
                  { "model": "divergentunderground:granite/stone3", "weight":1 },
                  { "model": "divergentunderground:granite/stone4", "weight":1 },
                  { "model": "divergentunderground:granite/stone5", "weight":1 },
                  { "model": "divergentunderground:granite/stone6", "weight":1 },
                  { "model": "divergentunderground:granite/stone7", "weight":1 }
          ],
          "hardness=3":[
                  { "model": "divergentunderground:granite/stone", "weight":3 },
                  { "model": "divergentunderground:granite/stone1", "weight":1 },
                  { "model": "divergentunderground:granite/stone2", "weight":1 },
                  { "model": "divergentunderground:granite/stone3", "weight":1 },
                  { "model": "divergentunderground:granite/stone4", "weight":1 },
                  { "model": "divergentunderground:granite/stone5", "weight":1 },
                  { "model": "divergentunderground:granite/stone6", "weight":1 },
                  { "model": "divergentunderground:granite/stone7", "weight":1 }
          ]
  }
}
