{
        "variants": {
                "hardness=0":[
                        { "model": "divergentunderground:quartzite/stone", "weight":3 },
                        { "model": "divergentunderground:quartzite/stone1", "weight":1 },
                        { "model": "divergentunderground:quartzite/stone2", "weight":1 },
                        { "model": "divergentunderground:quartzite/stone3", "weight":1 },
                        { "model": "divergentunderground:quartzite/stone4", "weight":1 },
                        { "model": "divergentunderground:quartzite/stone5", "weight":1 }
                ],
                "hardness=1":[
                        { "model": "divergentunderground:quartzite/stone", "weight":3 },
                        { "model": "divergentunderground:quartzite/stone1", "weight":1 },
                        { "model": "divergentunderground:quartzite/stone2", "weight":1 },
                        { "model": "divergentunderground:quartzite/stone3", "weight":1 },
                        { "model": "divergentunderground:quartzite/stone4", "weight":1 },
                        { "model": "divergentunderground:quartzite/stone5", "weight":1 }
                ],
                "hardness=2":[
                        { "model": "divergentunderground:quartzite/stone", "weight":3 },
                        { "model": "divergentunderground:quartzite/stone1", "weight":1 },
                        { "model": "divergentunderground:quartzite/stone2", "weight":1 },
                        { "model": "divergentunderground:quartzite/stone3", "weight":1 },
                        { "model": "divergentunderground:quartzite/stone4", "weight":1 },
                        { "model": "divergentunderground:quartzite/stone5", "weight":1 }
                ],
                "hardness=3":[
                        { "model": "divergentunderground:quartzite/stone", "weight":3 },
                        { "model": "divergentunderground:quartzite/stone1", "weight":1 },
                        { "model": "divergentunderground:quartzite/stone2", "weight":1 },
                        { "model": "divergentunderground:quartzite/stone3", "weight":1 },
                        { "model": "divergentunderground:quartzite/stone4", "weight":1 },
                        { "model": "divergentunderground:quartzite/stone5", "weight":1 }
                ]
        }
}

