{
  "variants": {
          "hardness=0":[
                  { "model": "divergentunderground:quark_limestone/stone", "weight":3 },
                  { "model": "divergentunderground:quark_limestone/stone1", "weight":1 },
                  { "model": "divergentunderground:quark_limestone/stone2", "weight":1 },
                  { "model": "divergentunderground:quark_limestone/stone3", "weight":1 },
                  { "model": "divergentunderground:quark_limestone/stone4", "weight":1 },
                  { "model": "divergentunderground:quark_limestone/stone5", "weight":1 },
                  { "model": "divergentunderground:quark_limestone/stone6", "weight":1 }
          ],
          "hardness=1":[
                  { "model": "divergentunderground:quark_limestone/stone", "weight":3 },
                  { "model": "divergentunderground:quark_limestone/stone1", "weight":1 },
                  { "model": "divergentunderground:quark_limestone/stone2", "weight":1 },
                  { "model": "divergentunderground:quark_limestone/stone3", "weight":1 },
                  { "model": "divergentunderground:quark_limestone/stone4", "weight":1 },
                  { "model": "divergentunderground:quark_limestone/stone5", "weight":1 },
                  { "model": "divergentunderground:quark_limestone/stone6", "weight":1 }
          ],
          "hardness=2":[
                  { "model": "divergentunderground:quark_limestone/stone", "weight":3 },
                  { "model": "divergentunderground:quark_limestone/stone1", "weight":1 },
                  { "model": "divergentunderground:quark_limestone/stone2", "weight":1 },
                  { "model": "divergentunderground:quark_limestone/stone3", "weight":1 },
                  { "model": "divergentunderground:quark_limestone/stone4", "weight":1 },
                  { "model": "divergentunderground:quark_limestone/stone5", "weight":1 },
                  { "model": "divergentunderground:quark_limestone/stone6", "weight":1 }
          ],
          "hardness=3":[
                  { "model": "divergentunderground:quark_limestone/stone", "weight":3 },
                  { "model": "divergentunderground:quark_limestone/stone1", "weight":1 },
                  { "model": "divergentunderground:quark_limestone/stone2", "weight":1 },
                  { "model": "divergentunderground:quark_limestone/stone3", "weight":1 },
                  { "model": "divergentunderground:quark_limestone/stone4", "weight":1 },
                  { "model": "divergentunderground:quark_limestone/stone5", "weight":1 },
                  { "model": "divergentunderground:quark_limestone/stone6", "weight":1 }
          ]
  }
}

